create table DATOS_INMIGRANTE (
   ID_DATOS_INMIGRANTE  INT4                 not null,
   PASAPORTE            VARCHAR(100)         not null,
   NOMBRES              VARCHAR(100)         not null,
   APELLIDOS            VARCHAR(100)         not null,
   FECHA_NACIMIENTO     DATE                 not null,
   NACIONALIDAD         VARCHAR(100)         not null,
   DOCUMENTO_IDENTIDAD  VARCHAR(50)          not null,
   MENOR_EDAD           BOOL                 not null,
   PARTIDA_NACIMIENTO   VARCHAR(256)         null,
   IDENTIDAD_GENERO     VARCHAR(50)          not null,
   PROFESION            VARCHAR(100)         not null,
   constraint PK_DATOS_INMIGRANTE primary key (ID_DATOS_INMIGRANTE)
);

INSERT INTO DATOS_INMIGRANTE(ID_DATOS_INMIGRANTE,PASAPORTE,NOMBRES,APELLIDOS,FECHA_NACIMIENTO,NACIONALIDAD,DOCUMENTO_IDENTIDAD,MENOR_EDAD,PARTIDA_NACIMIENTO,IDENTIDAD_GENERO,PROFESION) 
VALUES (1,'HTO650148C','Solano Xabier','Daou Segur','1962-11-03','CHILE','124E3241212',false,'','MASCULINO','CAMPESINO');
INSERT INTO DATOS_INMIGRANTE(ID_DATOS_INMIGRANTE,PASAPORTE,NOMBRES,APELLIDOS,FECHA_NACIMIENTO,NACIONALIDAD,DOCUMENTO_IDENTIDAD,MENOR_EDAD,PARTIDA_NACIMIENTO,IDENTIDAD_GENERO,PROFESION) 
VALUES (2,'HTO650148C','Carmen','Boney','1968-07-11','NUEVA ZELANDA','E1376719456',false,'','FEMENINO','INGENIERO');
INSERT INTO DATOS_INMIGRANTE(ID_DATOS_INMIGRANTE,PASAPORTE,NOMBRES,APELLIDOS,FECHA_NACIMIENTO,NACIONALIDAD,DOCUMENTO_IDENTIDAD,MENOR_EDAD,PARTIDA_NACIMIENTO,IDENTIDAD_GENERO,PROFESION) 
VALUES (3,'QWTO54541P','Luz Ruggeri','Mifsut','1988-03-04','BOLIVIA','34E31TRT262',false,'','MASCULINO','MECANICO');
INSERT INTO DATOS_INMIGRANTE(ID_DATOS_INMIGRANTE,PASAPORTE,NOMBRES,APELLIDOS,FECHA_NACIMIENTO,NACIONALIDAD,DOCUMENTO_IDENTIDAD,MENOR_EDAD,PARTIDA_NACIMIENTO,IDENTIDAD_GENERO,PROFESION) 
VALUES (4,'YHT55448GC','Fabio Rahimi','Cirujeda','2006-07-01','BRASIL','12344DFR576',true,'12344DFR576-Cirujeda.PDF','MASCULINO','ESTUDIANTE');
INSERT INTO DATOS_INMIGRANTE(ID_DATOS_INMIGRANTE,PASAPORTE,NOMBRES,APELLIDOS,FECHA_NACIMIENTO,NACIONALIDAD,DOCUMENTO_IDENTIDAD,MENOR_EDAD,PARTIDA_NACIMIENTO,IDENTIDAD_GENERO,PROFESION) 
VALUES (5,'UTO6LJK50C','Cleopatra','Rujano Garica','1981-09-05','CHILE','124E3GG1212',false,'','FEMENINO','FARMACEUTICO');
INSERT INTO DATOS_INMIGRANTE(ID_DATOS_INMIGRANTE,PASAPORTE,NOMBRES,APELLIDOS,FECHA_NACIMIENTO,NACIONALIDAD,DOCUMENTO_IDENTIDAD,MENOR_EDAD,PARTIDA_NACIMIENTO,IDENTIDAD_GENERO,PROFESION) 
VALUES (6,'HTO650148C','Francisca Isabella','Recoder Gabarres','1981-12-04','CHILE','124E324H612',false,'','FEMENINO','ANESTESISTA');

---------------------------------------------------------------------------------------------------

create table OFICINA_MIGRACION (
   ID_OFICINA           INT4                 not null,
   CIUDAD               VARCHAR(30)          not null,
   PROVINCIA            VARCHAR(30)          not null,
   DIRECCION            VARCHAR(100)         not null,
   JEFE_PERSONAL        VARCHAR(100)         not null,
   constraint PK_OFICINA_MIGRACION primary key (ID_OFICINA)
);

INSERT INTO OFICINA_MIGRACION(ID_OFICINA,CIUDAD,PROVINCIA,DIRECCION,JEFE_PERSONAL) VALUES (1,'MANTA','MANABI','CALLE 23 Y AV 12','PEDRO MARTINEZ');
INSERT INTO OFICINA_MIGRACION(ID_OFICINA,CIUDAD,PROVINCIA,DIRECCION,JEFE_PERSONAL) VALUES (2,'GUAYAQUIL','GUAYAS','CALLE OLIVO Y AVENIDA 9 DE MAYO','ANGEL RODRIGUEZ');
INSERT INTO OFICINA_MIGRACION(ID_OFICINA,CIUDAD,PROVINCIA,DIRECCION,JEFE_PERSONAL) VALUES (3,'PORTOVIEJO','MANABI','REALES TAMARINDOS','LUISA LOPEZ');
INSERT INTO OFICINA_MIGRACION(ID_OFICINA,CIUDAD,PROVINCIA,DIRECCION,JEFE_PERSONAL) VALUES (4,'QUITO','PICHINCHA','25 DE ABRIL Y SECTOR DE LA GUAINA','TOMAS PEREZ');

---------------------------------------------------------------------------------------------------

create table REGISTRO_MIGRACION (
   ID_REGISTRO_MIGRACION INT4                 not null,
   ID_OFICINA           INT4                 null,
   ID_DATOS_INMIGRANTE  INT4                 null,
   ID_SITUACION_ECONOMICA INT4                 null,
   MOTIVO_SALIDA        VARCHAR(256)         not null,
   OBJETIVO_ARRIBO      VARCHAR(256)         not null,
   MEDIO_DE_INGRESO     VARCHAR(30)          not null,
   FECHA_INGRESO        DATE                 not null,
   FECHA_SALIDA         DATE                 not null,
   UNIDAD_DE_CONTROL    VARCHAR(30)          not null,
   CIUDAD_ACTUAL_RESIDENCIA VARCHAR(30)          not null,
   TIEMPO_ESTADIA       VARCHAR(25)          not null,
   FECHA_REGISTRO       DATE                 not null,
   constraint PK_REGISTRO_MIGRACION primary key (ID_REGISTRO_MIGRACION)
);

INSERT INTO REGISTRO_MIGRACION(ID_REGISTRO_MIGRACION,ID_OFICINA,ID_DATOS_INMIGRANTE,ID_SITUACION_ECONOMICA,MOTIVO_SALIDA,OBJETIVO_ARRIBO,MEDIO_DE_INGRESO,FECHA_INGRESO,FECHA_SALIDA,UNIDAD_DE_CONTROL,CIUDAD_ACTUAL_RESIDENCIA,TIEMPO_ESTADIA,FECHA_REGISTRO) 
VALUES (1,'1','2','2','TRABAJO EN UNA EMPRESA','TRABAJO','AEREO','2022-03-21','2022-03-28','AEROPUERTO','MANTA','7 DIAS','2022-03-24');
INSERT INTO REGISTRO_MIGRACION(ID_REGISTRO_MIGRACION,ID_OFICINA,ID_DATOS_INMIGRANTE,ID_SITUACION_ECONOMICA,MOTIVO_SALIDA,OBJETIVO_ARRIBO,MEDIO_DE_INGRESO,FECHA_INGRESO,FECHA_SALIDA,UNIDAD_DE_CONTROL,CIUDAD_ACTUAL_RESIDENCIA,TIEMPO_ESTADIA,FECHA_REGISTRO) 
VALUES (2,'1','2','2','TRABAJO EN UNA EMPRESA','TRABAJO','AEREO','2022-04-20','2022-04-30','AEROPUERTO','MANTA','10 DIAS','2022-04-25');
INSERT INTO REGISTRO_MIGRACION(ID_REGISTRO_MIGRACION,ID_OFICINA,ID_DATOS_INMIGRANTE,ID_SITUACION_ECONOMICA,MOTIVO_SALIDA,OBJETIVO_ARRIBO,MEDIO_DE_INGRESO,FECHA_INGRESO,FECHA_SALIDA,UNIDAD_DE_CONTROL,CIUDAD_ACTUAL_RESIDENCIA,TIEMPO_ESTADIA,FECHA_REGISTRO) 
VALUES (3,'4','1','1','PASEO POR VACACIONES','VACACIONES','VEHICULO','2022-02-20','2022-04-20','FRONTERA','GUAYAQUIL','2 MESES','2022-03-15');
INSERT INTO REGISTRO_MIGRACION(ID_REGISTRO_MIGRACION,ID_OFICINA,ID_DATOS_INMIGRANTE,ID_SITUACION_ECONOMICA,MOTIVO_SALIDA,OBJETIVO_ARRIBO,MEDIO_DE_INGRESO,FECHA_INGRESO,FECHA_SALIDA,UNIDAD_DE_CONTROL,CIUDAD_ACTUAL_RESIDENCIA,TIEMPO_ESTADIA,FECHA_REGISTRO) 
VALUES (4,'2','3','3','PASEO POR VACACIONES','VACACIONES','CRUCERO','2022-05-05','2022-06-05','AEROPUERTO','PUERTO','1 MES','2022-05-28');
INSERT INTO REGISTRO_MIGRACION(ID_REGISTRO_MIGRACION,ID_OFICINA,ID_DATOS_INMIGRANTE,ID_SITUACION_ECONOMICA,MOTIVO_SALIDA,OBJETIVO_ARRIBO,MEDIO_DE_INGRESO,FECHA_INGRESO,FECHA_SALIDA,UNIDAD_DE_CONTROL,CIUDAD_ACTUAL_RESIDENCIA,TIEMPO_ESTADIA,FECHA_REGISTRO) 
VALUES (5,'2','4','2','PASEO POR VACACIONES','VACACIONES','AEREO','2022-02-20','2022-03-20','AEROPUERTO','MANTA','1 MES','2022-03-03');
INSERT INTO REGISTRO_MIGRACION(ID_REGISTRO_MIGRACION,ID_OFICINA,ID_DATOS_INMIGRANTE,ID_SITUACION_ECONOMICA,MOTIVO_SALIDA,OBJETIVO_ARRIBO,MEDIO_DE_INGRESO,FECHA_INGRESO,FECHA_SALIDA,UNIDAD_DE_CONTROL,CIUDAD_ACTUAL_RESIDENCIA,TIEMPO_ESTADIA,FECHA_REGISTRO) 
VALUES (6,'1','5','1','TRABAJO EN UNA EMPRESA','TRABAJO','AEREO','2022-01-13','2022-01-23','AEROPUERTO','GUAYAQUIL','10 DIAS','2022-01-15');
INSERT INTO REGISTRO_MIGRACION(ID_REGISTRO_MIGRACION,ID_OFICINA,ID_DATOS_INMIGRANTE,ID_SITUACION_ECONOMICA,MOTIVO_SALIDA,OBJETIVO_ARRIBO,MEDIO_DE_INGRESO,FECHA_INGRESO,FECHA_SALIDA,UNIDAD_DE_CONTROL,CIUDAD_ACTUAL_RESIDENCIA,TIEMPO_ESTADIA,FECHA_REGISTRO) 
VALUES (7,'3','6','2','TRABAJO EN UNA EMPRESA','TRABAJO','AEREO','2022-03-12','2022-03-18','AEROPUERTO','QUITO','6 DIAS','2022-03-14');

---------------------------------------------------------------------------------------------------

create table SITUACION_ECONOMICA (
   ID_SITUACION_ECONOMICA INT4                 not null,
   TIPO_SITUACION_ECONOMICA VARCHAR(30)          not null,
   constraint PK_SITUACION_ECONOMICA primary key (ID_SITUACION_ECONOMICA)
);

INSERT INTO SITUACION_ECONOMICA(ID_SITUACION_ECONOMICA,TIPO_SITUACION_ECONOMICA) VALUES (1,'CLASE BAJA');
INSERT INTO SITUACION_ECONOMICA(ID_SITUACION_ECONOMICA,TIPO_SITUACION_ECONOMICA) VALUES (2,'CLASE MEDIA');
INSERT INTO SITUACION_ECONOMICA(ID_SITUACION_ECONOMICA,TIPO_SITUACION_ECONOMICA) VALUES (3,'CLASE ALTA');



